filename,activity,X_mean,X_std,X_min,X_max,X_range,Y_mean,Y_std,Y_min,Y_max,Y_range,Z_mean,Z_std,Z_min,Z_max,Z_range,,,,,,,,,,
1_20260907161012.csv,0,-0.001118053,0.000378288,-0.001617432,-0.000579834,0.001037598,-0.988167503,0.000518411,-0.988723755,-0.987716675,0.00100708,-0.120368264,7.97E-06,-0.120376587,-0.120361328,1.53E-05,,,,,,,,,,
2_20260907161024.csv,0,-0.001383057,0.000861715,-0.00239563,-0.00050354,0.00189209,-0.987919922,0.000435003,-0.988647461,-0.987380981,0.001266479,-0.120275269,0.001225691,-0.121490479,-0.118560791,0.002929688,,,,,,,,,,
3_20260907161036.csv,0,-0.001192627,0.000309678,-0.001602173,-0.000854492,0.000747681,-0.987474976,0.001319626,-0.989196777,-0.985809326,0.003387451,-0.120047607,0.001424492,-0.121780396,-0.118621826,0.003158569,,,,,,,,,,
4_20260907161049.csv,0,-0.001691284,0.000663065,-0.002792358,-0.000839233,0.001953125,-0.988140869,0.000935745,-0.989730835,-0.987426758,0.002304077,-0.119519043,0.000465205,-0.120178223,-0.119049072,0.00112915,,,,,,,,,,
5_20260907161101.csv,0,-0.001242956,0.000524195,-0.002792358,-0.000518799,0.00227356,-0.987937927,0.000655209,-0.98878479,-0.986602783,0.002182007,-0.120213826,0.000697762,-0.12109375,-0.119186401,0.001907349,,,,,,,,,,
6_20260907161113.csv,0,-0.001842041,0.000424319,-0.002304077,-0.001083374,0.001220703,-0.987572021,0.000655286,-0.988601685,-0.986602783,0.001998901,-0.119659424,0.000898521,-0.120681763,-0.11869812,0.001983643,,,,,,,,,,
7_20260907161126.csv,0,-0.00149409,0.000277697,-0.001937866,-0.001083374,0.000854492,-0.987846375,0.000476254,-0.988372803,-0.987121582,0.001251221,-0.119670868,0.00140626,-0.121307373,-0.118362427,0.002944946,,,,,,,,,,
8_20260907161138.csv,0,-0.001606445,0.000680622,-0.002502441,-0.000762939,0.001739502,-0.987870483,0.000730325,-0.989044189,-0.987289429,0.001754761,-0.118594971,0.000228639,-0.119018555,-0.118240356,0.000778198,,,,,,,,,,
9_20260907161150.csv,0,-0.000792185,0.000637701,-0.001464844,3.05E-05,0.001495361,-0.987110138,0.000473723,-0.987503052,-0.985778809,0.001724243,-0.11910375,0.000417004,-0.119552612,-0.118469238,0.001083374,,,,,,,,,,
10_20260907161202.csv,0,-0.000963135,0.000794206,-0.001831055,0.000350952,0.002182007,-0.987214355,0.00071124,-0.987915039,-0.985778809,0.00213623,-0.120063477,0.00060806,-0.121047974,-0.119552612,0.001495361,,,,,,,,,,
11_20260907161215.csv,0,-0.000943604,0.001034814,-0.002548218,0.000289917,0.002838135,-0.98772583,0.000856635,-0.988952637,-0.986831665,0.002120972,-0.120090332,0.000805377,-0.12071228,-0.118759155,0.001953125,,,,,,,,,,
12_20260907161227.csv,0,-0.001138051,0.000604701,-0.001861572,0.000289917,0.002151489,-0.9882164,0.001184014,-0.98979187,-0.98677063,0.00302124,-0.119670868,0.000533882,-0.120407104,-0.118942261,0.001464844,,,,,,,,,,
13_20260907161239.csv,0,-0.001535645,0.000822087,-0.002487183,-0.000610352,0.001876831,-0.987057495,0.001104841,-0.989151001,-0.985473633,0.003677368,-0.119430542,0.001177352,-0.12097168,-0.118057251,0.002914429,,,,,,,,,,
14_20260907161252.csv,0,-0.000980377,0.000388797,-0.001495361,-0.000518799,0.000976563,-0.987863541,0.00086131,-0.989151001,-0.9868927,0.002258301,-0.120275497,0.000881179,-0.120895386,-0.118652344,0.002243042,,,,,,,,,,
15_20260907161305.csv,0,-0.001030555,0.000461113,-0.001617432,-0.000396729,0.001220703,-0.987883348,0.000826423,-0.989044189,-0.986694336,0.002349854,-0.119810838,0.000802652,-0.120910645,-0.118652344,0.002258301,,,,,,,,,,
16_20260907161317.csv,0,-0.001986084,0.000800925,-0.0027771,-0.000396729,0.002380371,-0.987341309,0.001195212,-0.989044189,-0.986206055,0.002838135,-0.119480591,0.000879881,-0.120513916,-0.118682861,0.001831055,,,,,,,,,,
17_20260907161329.csv,0,-0.000452042,0.001423542,-0.002349854,0.000808716,0.003158569,-0.988363902,0.000556601,-0.988769531,-0.987426758,0.001342773,-0.119328181,0.001563978,-0.12109375,-0.117523193,0.003570557,,,,,,,,,,
18_20260907161342.csv,0,0.000808716,0,0.000808716,0.000808716,0,-0.988616943,0,-0.988616943,-0.988616943,0,-0.12109375,0,-0.12109375,-0.12109375,0,,,,,,,,,,
19_20260907161354.csv,0,0.001228027,0.000735754,0.000808716,0.003509521,0.002700806,-0.989321899,0.001438986,-0.992141724,-0.988616943,0.00352478,-0.121082764,3.04E-05,-0.12109375,-0.121002197,9.16E-05,,,,,,,,,,
20_20260907161406.csv,0,0.00175415,0.002666392,-0.00088501,0.005493164,0.006378174,-0.990078735,0.00427895,-0.9972229,-0.98638916,0.01083374,-0.122075195,0.003056788,-0.127166748,-0.119338989,0.007827759,,,,,,,,,,
21_20260907161419.csv,0,0.000377655,0.000472439,-4.58E-05,0.001159668,0.001205444,-0.988382975,0.000459808,-0.988983154,-0.987365723,0.001617432,-0.120333354,0.000600312,-0.120956421,-0.119491577,0.001464844,,,,,,,,,,
22_20260907161431.csv,0,0.000336304,0.000278533,-0.000137329,0.000610352,0.000747681,-0.988604126,0.000149224,-0.988754272,-0.988250732,0.00050354,-0.120360107,0.00071777,-0.121292114,-0.119018555,0.00227356,,,,,,,,,,
23_20260907161444.csv,0,-0.000444946,0.000567996,-0.000976563,0.000732422,0.001708984,-0.988344116,0.000534844,-0.989486694,-0.987915039,0.001571655,-0.11989624,0.000622659,-0.121063232,-0.119018555,0.002044678,,,,,,,,,,
24_20260907161456.csv,0,-0.000315552,0.000588828,-0.001205444,0.001113892,0.002319336,-0.988101196,0.000667648,-0.989089966,-0.987380981,0.001708984,-0.120065918,0.000378761,-0.121063232,-0.119613647,0.001449585,,,,,,,,,,
25_20260907161508.csv,0,0.00071167,0.000640686,-0.000610352,0.001525879,0.00213623,-0.988303223,0.000796971,-0.989517212,-0.987609863,0.001907349,-0.120258789,0.000539201,-0.121063232,-0.119644165,0.001419067,,,,,,,,,,
26_20260907161521.csv,0,0.000144323,0.000872232,-0.00088501,0.001144409,0.002029419,-0.987887065,0.000601475,-0.988616943,-0.986907959,0.001708984,-0.120498657,0.000655812,-0.121109009,-0.119430542,0.001678467,,,,,,,,,,
27_20260907161533.csv,0,0.000206909,0.000507227,-0.000427246,0.000915527,0.001342773,-0.988365479,0.001105052,-0.989715576,-0.986907959,0.002807617,-0.120178223,0.001330201,-0.121200562,-0.118286133,0.002914429,,,,,,,,,,
28_20260907161546.csv,0,-0.000316772,0.000671463,-0.001312256,0.000518799,0.001831055,-0.987997437,0.000526299,-0.988723755,-0.987350464,0.001373291,-0.120812378,0.000697802,-0.121536255,-0.119659424,0.001876831,,,,,,,,,,
29_20260907161558.csv,0,0.000360489,0.000367448,1.53E-05,0.000869751,0.000854492,-0.988125483,0.000360246,-0.988586426,-0.987350464,0.001235962,-0.120653152,0.00021264,-0.120895386,-0.120361328,0.000534058,,,,,,,,,,
30_20260907161610.csv,0,-8.06E-05,0.000715491,-0.001052856,0.000640869,0.001693726,-0.988553467,0.000601815,-0.989532471,-0.987792969,0.001739502,-0.120755615,0.000398599,-0.121246338,-0.120346069,0.000900269,,,,,,,,,,
31_20260907161623.csv,0,0.000484619,0.000528346,-6.10E-05,0.001022339,0.001083374,-0.987505493,0.000469599,-0.98866272,-0.987045288,0.001617432,-0.120570679,0.000793781,-0.121536255,-0.119674683,0.001861572,,,,,,,,,,
32_20260907161635.csv,0,0.000252686,0.000436102,-0.000198364,0.000869751,0.001068115,-0.987866821,0.000857322,-0.989105225,-0.986846924,0.002258301,-0.120910034,0.000666346,-0.121871948,-0.120162964,0.001708984,,,,,,,,,,
33_20260907161647.csv,0,-0.000306447,0.000827871,-0.00151062,0.000854492,0.002365112,-0.987922033,0.00024682,-0.98828125,-0.987579346,0.000701904,-0.120738983,0.000837528,-0.121871948,-0.119400024,0.002471924,,,,,,,,,,
34_20260907161700.csv,0,-0.000192871,0.000553799,-0.000610352,0.000854492,0.001464844,-0.988398438,0.000561901,-0.989471436,-0.987701416,0.00177002,-0.120541382,0.000690562,-0.121322632,-0.119812012,0.00151062,,,,,,,,,,
35_20260907161712.csv,0,0.000124512,0.000492883,-0.000274658,0.000961304,0.001235962,-0.987597656,0.000585412,-0.989471436,-0.987197876,0.00227356,-0.120780029,0.000692275,-0.121261597,-0.119049072,0.002212524,,,,,,,,,,
36_20260907161724.csv,0,0.000184377,0.000990426,-0.001327515,0.001251221,0.002578735,-0.987569809,0.000502056,-0.988052368,-0.98677063,0.001281738,-0.120363871,0.00070826,-0.12097168,-0.119049072,0.001922607,,,,,,,,,,
37_20260907161737.csv,0,-0.000268555,0.000363579,-0.000717163,0.000152588,0.000869751,-0.987999878,0.000626232,-0.988845825,-0.987091064,0.001754761,-0.120223389,0.00132055,-0.122207642,-0.118591309,0.003616333,,,,,,,,,,
38_20260907161749.csv,0,0.000650635,3.41E-05,0.000610352,0.000701904,9.16E-05,-0.987527466,0.000491549,-0.988845825,-0.987045288,0.001800537,-0.120221558,0.000593308,-0.120925903,-0.119384766,0.001541138,,,,,,,,,,
39_20260907161802.csv,0,0.000168457,0.001291957,-0.00151062,0.002227783,0.003738403,-0.987913818,0.000281114,-0.988586426,-0.987564087,0.001022339,-0.120983887,0.000914319,-0.122390747,-0.120147705,0.002243042,,,,,,,,,,
40_20260907161814.csv,0,6.29E-05,0.001121733,-0.001083374,0.002227783,0.003311157,-0.988109589,0.000981074,-0.989212036,-0.986328125,0.002883911,-0.120957057,0.000472208,-0.121368408,-0.119644165,0.001724243,,,,,,,,,,
41_20260907161826.csv,0,0.000255737,0.000465441,-6.10E-05,0.00163269,0.001693726,-0.987595215,0.000496839,-0.988220215,-0.986328125,0.00189209,-0.120945435,0.00067659,-0.121459961,-0.119644165,0.001815796,,,,,,,,,,
42_20260907161839.csv,0,-0.000427246,0.000865558,-0.001525879,0.000579834,0.002105713,-0.987974854,0.000233744,-0.988265991,-0.987701416,0.000564575,-0.120455322,0.000961865,-0.121520996,-0.118988037,0.002532959,,,,,,,,,,
43_20260907161851.csv,0,0.001174291,0.000192615,0.000579834,0.001434326,0.000854492,-0.988285065,0.00035336,-0.988693237,-0.987701416,0.000991821,-0.120861053,0.000632558,-0.121520996,-0.119903564,0.001617432,,,,,,,,,,
44_20260907161903.csv,0,0.000809987,0.000686976,-0.000167847,0.001525879,0.001693726,-0.98800087,0.000897603,-0.989181519,-0.986923218,0.002258301,-0.120560328,0.00055993,-0.121520996,-0.120056152,0.001464844,,,,,,,,,,
45_20260907161915.csv,0,0.000273438,0.000382509,-4.58E-05,0.001235962,0.001281738,-0.988873901,0.000563366,-0.989746094,-0.988204956,0.001541138,-0.120758667,0.000615267,-0.121704102,-0.120117188,0.001586914,,,,,,,,,,
46_20260907161928.csv,0,0.000377808,0.000368489,-0.000106812,0.000839233,0.000946045,-0.988970337,0.00087889,-0.990097046,-0.987716675,0.002380371,-0.120192871,0.001091008,-0.121490479,-0.119094849,0.00239563,,,,,,,,,,
47_20260907161940.csv,0,0.000796,0.000880603,-0.000564575,0.001800537,0.002365112,-0.988319397,0.000142218,-0.988479614,-0.98815918,0.000320435,-0.120580037,0.000624204,-0.12109375,-0.119689941,0.001403809,,,,,,,,,,
48_20260907161952.csv,0,0.001376953,0.000571785,0.000778198,0.002059937,0.001281738,-0.988305664,0.000308401,-0.989074707,-0.988021851,0.001052856,-0.120444336,0.000322098,-0.121307373,-0.120040894,0.001266479,,,,,,,,,,
49_20260907162004.csv,1,0.000893911,0.000846349,-0.000442505,0.001922607,0.002365112,-0.988809586,0.000537182,-0.989517212,-0.988052368,0.001464844,-0.121772766,0.000414083,-0.122314453,-0.120758057,0.001556396,,,,,,,,,,
50_20260907162017.csv,1,0.000338135,0.000779527,-0.000518799,0.001449585,0.001968384,-0.987728882,0.000600626,-0.988357544,-0.986846924,0.00151062,-0.120311279,0.000805176,-0.120986938,-0.118942261,0.002044678,,,,,,,,,,
51_20260907162029.csv,1,-0.000259399,0.000715983,-0.00112915,0.001449585,0.002578735,-0.987757365,0.00081108,-0.988998413,-0.986938477,0.002059937,-0.12015152,0.001275105,-0.121505737,-0.118377686,0.003128052,,,,,,,,,,
52_20260907162041.csv,1,2.32E-05,0.000701947,-0.000656128,0.001251221,0.001907349,-0.98829834,0.000561185,-0.989059448,-0.987747192,0.001312256,-0.120189209,0.000487377,-0.120803833,-0.11946106,0.001342773,,,,,,,,,,
53_20260907162054.csv,1,0.000271606,0.00084373,-0.000839233,0.001358032,0.002197266,-0.988030396,0.000639385,-0.989028931,-0.987014771,0.00201416,-0.120753784,0.000914526,-0.122421265,-0.119491577,0.002929688,,,,,,,,,,
54_20260907162106.csv,1,0.000736872,0.000924708,-0.000534058,0.001800537,0.002334595,-0.98916626,0.001794703,-0.991516113,-0.986846924,0.004669189,-0.120686849,0.000987414,-0.122421265,-0.119674683,0.002746582,,,,,,,,,,
55_20260907162118.csv,1,-0.000675049,0.001646019,-0.002853394,0.000976563,0.003829956,-0.988224487,0.000383107,-0.988998413,-0.987808228,0.001190186,-0.121931763,0.001166864,-0.12310791,-0.120346069,0.002761841,,,,,,,,,,
56_20260907162131.csv,1,-0.000710805,0.001097498,-0.002258301,0.000656128,0.002914429,-0.988337199,0.001043752,-0.98928833,-0.986755371,0.002532959,-0.122394562,0.00179884,-0.124908447,-0.120697021,0.004211426,,,,,,,,,,
57_20260907162143.csv,1,0.000809937,0.000783354,-0.001434326,0.001342773,0.0027771,-0.987988892,0.00056548,-0.988876343,-0.987319946,0.001556396,-0.120370483,0.000658033,-0.121414185,-0.119354248,0.002059937,,,,,,,,,,
58_20260907162155.csv,1,-0.000614166,0.001197023,-0.002304077,0.000854492,0.003158569,-0.98743248,0.000998629,-0.988876343,-0.986343384,0.002532959,-0.122021993,0.000912123,-0.123550415,-0.121383667,0.002166748,,,,Activity,Avg X,Avg Y,Avg Z,X Std,Y Std,Z Std
59_20260907162208.csv,1,0.000480347,0.001041462,-0.000717163,0.00189209,0.002609253,-0.988797607,0.000987073,-0.989868164,-0.987640381,0.002227783,-0.12194397,0.000622198,-0.122817993,-0.121109009,0.001708984,,,,No activity,-0.000225511,-0.988065101,-0.120307425,0.000650556,0.000718639,0.000759114
60_20260907162220.csv,1,4.58E-05,0.000596298,-0.000564575,0.001266479,0.001831055,-0.98859436,0.000401399,-0.989059448,-0.988098145,0.000961304,-0.12053833,0.000673205,-0.121643066,-0.119888306,0.001754761,,,,Waving,0.000270846,-0.98815668,-0.120811261,0.000768438,0.000669002,0.000843692
61_20260907162232.csv,1,0.00064977,0.000567783,-0.000274658,0.001266479,0.001541138,-0.988244375,0.000607841,-0.988677979,-0.987228394,0.001449585,-0.120826721,0.00066446,-0.121459961,-0.119949341,0.00151062,,,,Shaking,-0.016994311,-0.093614543,-0.096701313,0.996334241,0.40263095,0.429614175
62_20260907162244.csv,1,0.000578613,0.000705804,-0.000442505,0.001342773,0.001785278,-0.987580566,0.000807947,-0.988616943,-0.98664856,0.001968384,-0.120449219,0.000562549,-0.121246338,-0.119659424,0.001586914,,,,,,,,,,
63_20260907162257.csv,1,0.000477295,0.000446162,-6.10E-05,0.000976563,0.001037598,-0.988039551,0.000349836,-0.98878479,-0.987518311,0.001266479,-0.120767822,0.000536068,-0.121673584,-0.120269775,0.001403809,,,,,,,,,,
64_20260907162309.csv,1,0.000114441,0.000416569,-0.000335693,0.000946045,0.001281738,-0.988577525,0.000134153,-0.98878479,-0.988357544,0.000427246,-0.120567322,0.000303546,-0.120986938,-0.120223999,0.000762939,,,,,,,,,,
65_20260907162322.csv,1,0.000227661,0.000392177,-0.000335693,0.000671387,0.00100708,-0.988134155,0.001059029,-0.989822388,-0.987014771,0.002807617,-0.121166382,0.000493012,-0.12171936,-0.119613647,0.002105713,,,,,,,,,,
66_20260907162334.csv,1,0.00085144,0.001089054,-0.000259399,0.002319336,0.002578735,-0.987802124,0.000622143,-0.989685059,-0.987365723,0.002319336,-0.121262817,0.001104612,-0.122329712,-0.119613647,0.002716064,,,,,,,,,,
67_20260907162346.csv,1,0.000478745,0.000686001,-0.000259399,0.001449585,0.001708984,-0.98844401,0.000856583,-0.989685059,-0.986999512,0.002685547,-0.121576945,0.000707545,-0.122268677,-0.120498657,0.00177002,,,,,,,,,,
68_20260907162358.csv,1,0.000588735,0.000247268,-0.000259399,0.000808716,0.001068115,-0.988295873,0.000222557,-0.988525391,-0.987960815,0.000564575,-0.121318817,0.00076403,-0.122268677,-0.120376587,0.00189209,,,,,,,,,,
69_20260907162411.csv,1,0.000396118,0.000475854,-7.63E-05,0.001190186,0.001266479,-0.987924194,0.00038775,-0.988479614,-0.987503052,0.000976563,-0.120661011,0.000309214,-0.121109009,-0.120330811,0.000778198,,,,,,,,,,
70_20260907162423.csv,1,0.00069046,0.000667277,0,0.001586914,0.001586914,-0.987918854,0.000381224,-0.988327026,-0.987380981,0.000946045,-0.121131897,0.000531959,-0.121994019,-0.120635986,0.001358032,,,,,,,,,,
71_20260907162435.csv,1,0.000618286,0.000618391,-4.58E-05,0.001373291,0.001419067,-0.987814331,0.000749702,-0.988647461,-0.986679077,0.001968384,-0.120140381,0.001714782,-0.122360229,-0.117599487,0.004760742,,,,,,,,,,
72_20260907162447.csv,1,0.000132879,0.000797421,-0.00088501,0.001251221,0.00213623,-0.987108231,0.000556863,-0.988189697,-0.98664856,0.001541138,-0.12072436,0.000950731,-0.122116089,-0.119506836,0.002609253,,,,,,,,,,
73_20260907162500.csv,1,0.0006073,0.000946106,-0.000640869,0.001556396,0.002197266,-0.987746582,0.000867444,-0.989379883,-0.986633301,0.002746582,-0.120736084,0.00014301,-0.120819092,-0.120071411,0.000747681,,,,,,,,,,
74_20260907162512.csv,1,-0.00046936,0.001917824,-0.002960205,0.001968384,0.004928589,-0.988543701,0.001034967,-0.990463257,-0.987731934,0.002731323,-0.121061401,0.000965385,-0.122421265,-0.119812012,0.002609253,,,,,,,,,,
75_20260907162524.csv,1,0.000514984,0.00064891,-0.000457764,0.001251221,0.001708984,-0.988314311,0.0008479,-0.990463257,-0.987731934,0.002731323,-0.1205012,0.00093688,-0.122421265,-0.1199646,0.002456665,,,,,,,,,,
76_20260907162536.csv,1,0.000162964,0.001053747,-0.000854492,0.001922607,0.0027771,-0.988223267,0.002605599,-0.992034912,-0.984909058,0.007125854,-0.120404663,0.001089203,-0.122695923,-0.119171143,0.00352478,,,,,,,,,,
77_20260907162549.csv,1,-0.00021553,0.000520208,-0.001022339,0.000335693,0.001358032,-0.988227844,0.000845512,-0.989395142,-0.987258911,0.00213623,-0.120939255,0.001276525,-0.122695923,-0.118927002,0.003768921,,,,,,,,,,
78_20260907162601.csv,1,0.000161133,0.00128985,-0.001541138,0.001495361,0.003036499,-0.987975464,0.000479024,-0.988494873,-0.987350464,0.001144409,-0.121359863,0.001321678,-0.12348938,-0.119873047,0.003616333,,,,,,,,,,
79_20260907162613.csv,1,0.000392914,0.000965913,-0.000595093,0.001617432,0.002212524,-0.988057454,0.000818881,-0.989212036,-0.987060547,0.002151489,-0.120377858,0.000651318,-0.12121582,-0.119522095,0.001693726,,,,,,,,,,
80_20260907162626.csv,1,0.000151978,0.000568539,-0.000366211,0.001617432,0.001983643,-0.988267212,0.000373319,-0.988815308,-0.987869263,0.000946045,-0.120900879,0.000858738,-0.121490479,-0.119415283,0.002075195,,,,,,,,,,
81_20260907162638.csv,1,0.000263214,0.000550573,-0.000366211,0.000961304,0.001327515,-0.987832387,0.000135206,-0.987976074,-0.987640381,0.000335693,-0.120563507,0.000595003,-0.120986938,-0.119567871,0.001419067,,,,,,,,,,
82_20260907162650.csv,1,0.000284424,0.00076048,-0.000747681,0.00088501,0.00163269,-0.98798584,0.000498153,-0.988616943,-0.98739624,0.001220703,-0.120496216,0.00065903,-0.121139526,-0.119491577,0.001647949,,,,,,,,,,
83_20260907162702.csv,1,-5.21E-05,0.000465242,-0.000457764,0.00088501,0.001342773,-0.987934748,0.000211215,-0.98815918,-0.987640381,0.000518799,-0.120420456,0.000590222,-0.121490479,-0.119766235,0.001724243,,,,,,,,,,
84_20260907162715.csv,1,-0.000283203,0.000617951,-0.001205444,0.000686646,0.00189209,-0.987042847,0.000582899,-0.988433838,-0.986434937,0.001998901,-0.120765381,0.000437547,-0.121490479,-0.120193481,0.001296997,,,,,,,,,,
85_20260907162727.csv,1,-0.00077184,0.000734367,-0.001358032,0.000839233,0.002197266,-0.98796463,0.000640525,-0.988616943,-0.987091064,0.001525879,-0.12033844,0.001021898,-0.12197876,-0.119277954,0.002700806,,,,,,,,,,
86_20260907162739.csv,1,0.000309448,0.000622244,-0.000854492,0.001098633,0.001953125,-0.988520508,0.000802656,-0.989486694,-0.987304688,0.002182007,-0.119620972,0.00090027,-0.120941162,-0.11831665,0.002624512,,,,,,,,,,
87_20260907162751.csv,1,0.000597636,0.000822667,-0.000854492,0.001464844,0.002319336,-0.98813502,0.000298973,-0.988601685,-0.987792969,0.000808716,-0.120194753,0.000923508,-0.121017456,-0.11831665,0.002700806,,,,,,,,,,
88_20260907162804.csv,1,-1.53E-05,0.000646251,-0.001113892,0.000488281,0.001602173,-0.988220825,0.000478213,-0.989028931,-0.98777771,0.001251221,-0.120055542,0.001262501,-0.121643066,-0.118347168,0.003295898,,,,,,,,,,
89_20260907162816.csv,1,0.000439962,0.000492917,-0.00038147,0.000915527,0.001296997,-0.988382975,0.000499263,-0.989028931,-0.98765564,0.001373291,-0.121325811,0.000997941,-0.122634888,-0.119689941,0.002944946,,,,,,,,,,
90_20260907162828.csv,1,-0.000114136,0.000569402,-0.00050354,0.000869751,0.001373291,-0.988394165,0.000790848,-0.989120483,-0.987243652,0.001876831,-0.12057251,0.001605903,-0.122970581,-0.118713379,0.004257202,,,,,,,,,,
91_20260907162840.csv,1,0.000759125,0.000942875,-0.000244141,0.002075195,0.002319336,-0.988202413,0.000595028,-0.988937378,-0.98739624,0.001541138,-0.120688121,0.000710319,-0.12159729,-0.119735718,0.001861572,,,,,,,,,,
92_20260907162853.csv,1,0.000241089,0.000465706,-0.000610352,0.000717163,0.001327515,-0.988198853,0.000524138,-0.988861084,-0.987426758,0.001434326,-0.121004028,0.000473726,-0.12159729,-0.120330811,0.001266479,,,,,,,,,,
93_20260907162905.csv,1,0.000635986,0.000925484,-0.000610352,0.001739502,0.002349854,-0.988364868,0.000595779,-0.989730835,-0.987869263,0.001861572,-0.121334229,0.000531805,-0.122024536,-0.120666504,0.001358032,,,,,,,,,,
94_20260907162917.csv,1,0.00046285,0.000833134,-0.000915527,0.001739502,0.002655029,-0.988984426,0.000583626,-0.989730835,-0.988082886,0.001647949,-0.120222727,0.000963969,-0.12097168,-0.118621826,0.002349854,,,,,,,,,,
95_20260907162930.csv,1,0.000273438,0.000584665,-0.000350952,0.001037598,0.00138855,-0.988757935,0.000312379,-0.989242554,-0.988510132,0.000732422,-0.12052002,0.000965714,-0.122161865,-0.1197052,0.002456665,,,,,,,,,,
96_20260907162942.csv,1,0.00055186,0.000809469,-0.000564575,0.001541138,0.002105713,-0.988004049,0.000513852,-0.989059448,-0.987609863,0.001449585,-0.121217092,0.00092342,-0.122390747,-0.1199646,0.002426147,,,,,,,,,,
97_20260907162954.csv,1,0.001237793,0.000615264,0.000366211,0.00189209,0.001525879,-0.988345337,0.000786469,-0.989486694,-0.987136841,0.002349854,-0.120470581,0.001177926,-0.122116089,-0.118881226,0.003234863,,,,,,,,,,
98_20260907163007.csv,2,0.000708262,0.000726913,-0.000366211,0.001785278,0.002151489,-0.987990061,0.000757038,-0.989105225,-0.987136841,0.001968384,-0.121166229,0.00149673,-0.122528076,-0.118743896,0.00378418,,,,,,,,,,
99_20260907163019.csv,2,0.000430908,0.000482571,-0.000488281,0.000808716,0.001296997,-0.988617554,0.000388437,-0.989212036,-0.98815918,0.001052856,-0.120909424,0.00120314,-0.122055054,-0.119064331,0.002990723,,,,,,,,,,
100_20260907163031.csv,2,-0.001013184,0.003747377,-0.009399414,0.000869751,0.010269165,-0.988222046,0.000542713,-0.988998413,-0.987518311,0.001480103,-0.120921631,0.000388014,-0.121612549,-0.120574951,0.001037598,,,,,,,,,,
101_20260907163043.csv,2,-0.00100708,0.002674449,-0.009399414,0.000762939,0.010162354,-0.987678528,0.000337648,-0.988250732,-0.987106323,0.001144409,-0.120159149,0.000509312,-0.120574951,-0.119338989,0.001235962,,,,,,,,,,
102_20260907163056.csv,2,0.000174561,0.000703438,-0.001296997,0.001281738,0.002578735,-0.988466797,0.00098187,-0.989990234,-0.987106323,0.002883911,-0.120206299,0.001351018,-0.121337891,-0.117889404,0.003448486,,,,,,,,,,
103_20260907163108.csv,2,0.000387573,0.000661385,-0.00050354,0.001281738,0.001785278,-0.988599243,0.001100659,-0.989883423,-0.987228394,0.002655029,-0.121322021,0.000392734,-0.121932983,-0.120880127,0.001052856,,,,,,,,,,
104_20260907163120.csv,2,4.58E-05,0.000360022,-0.000427246,0.000732422,0.001159668,-0.988246918,0.000905513,-0.989868164,-0.987319946,0.002548218,-0.120466232,0.000284269,-0.121185303,-0.120040894,0.001144409,,,,,,,,,,
105_20260907163133.csv,2,0.000265757,0.000805963,-0.000717163,0.001266479,0.001983643,-0.988104502,0.000893694,-0.989456177,-0.987091064,0.002365112,-0.120914459,0.000717794,-0.122055054,-0.120239258,0.001815796,,,,,,,,,,
106_20260907163145.csv,2,-0.000163574,0.000908918,-0.001602173,0.000747681,0.002349854,-0.988167725,0.000812427,-0.989059448,-0.987014771,0.002044678,-0.120728149,0.000666128,-0.121429443,-0.119628906,0.001800537,,,,,,,,,,
107_20260907163157.csv,2,0.183400472,0.653433858,-0.590301514,1.175125122,1.765426636,-0.880301158,0.233164646,-1.171127319,-0.651351929,0.519775391,-0.156627655,0.462954813,-0.787506104,0.491088867,1.278594971,,,,,,,,,,
108_20260907163209.csv,2,0.169515991,1.416325964,-1.430221558,1.954452515,3.384674072,-0.478502197,0.566470168,-1.115890503,0.16595459,1.281845093,-0.145657349,0.395922838,-0.98210144,0.154037476,1.136138916,,,,,,,,,,
109_20260907163222.csv,2,-1.026521047,0.470685696,-1.74168396,-0.431610107,1.310073853,-0.418258667,0.359896523,-0.761184692,0.143005371,0.904190063,-0.095315297,0.343431633,-0.98210144,0.276489258,1.258590698,,,,,,,,,,
110_20260907163234.csv,2,-0.310760498,0.669489623,-1.24697876,0.974853516,2.221832275,-0.759208374,0.261052571,-0.992172241,-0.321350098,0.670822144,0.079251709,0.165003964,-0.10925293,0.337646484,0.446899414,,,,,,,,,,
111_20260907163246.csv,2,0.651148478,0.734453831,-1.25894165,1.3646698,2.62361145,-0.826195399,0.356477091,-1.18057251,-0.23614502,0.94442749,-0.262851079,0.183619795,-0.477203369,0.337646484,0.814849854,,,,,,,,,,
112_20260907163258.csv,2,-1.261484375,0.104630853,-1.365631104,-1.060012817,0.305618286,0.02526001,0.15259821,-0.23614502,0.209274292,0.445419312,-0.10411438,0.045702487,-0.175750732,-0.037887573,0.137863159,,,,,,,,,,
113_20260907163311.csv,2,0.585753784,1.000682019,-1.060012817,2.019226074,3.079238892,-0.633374634,0.596489588,-1.356765747,0.129806519,1.486572266,-0.182406616,0.282173723,-0.619720459,0.123031616,0.742752075,,,,,,,,,,
114_20260907163323.csv,2,0.151168823,0.91575156,-1.352386475,0.886322021,2.238708496,-0.271291097,0.738329914,-1.356765747,0.608016968,1.964782715,-0.141858419,0.438637463,-0.830062866,0.556610107,1.386672974,,,,,,,,,,
115_20260907163335.csv,2,-0.453987122,1.085716275,-1.551818848,1.11819458,2.670013428,-0.138600667,0.744382086,-1.178543091,0.608016968,1.786560059,0.233448029,0.197905474,-0.032958984,0.556610107,0.589569092,,,,,,,,,,
116_20260907163348.csv,2,0.245388184,0.60664597,-0.576248169,1.088653564,1.664901733,-0.511766357,0.338453873,-0.835968018,0.460998535,1.296966553,-0.132855225,0.290481922,-0.525253296,0.149475098,0.674728394,,,,,,,,,,
117_20260907163400.csv,2,1.226994629,0.444664999,0.051300049,1.684494019,1.63319397,-0.698476563,0.316336894,-1.103729248,-0.342514038,0.76121521,-0.384901123,0.317119889,-0.852554321,0.123931885,0.976486206,,,,,,,,,,
118_20260907163413.csv,2,0.933622437,0.681918524,-0.501693726,1.416763306,1.918457031,-1.003165283,0.652348049,-1.67199707,0.196166992,1.868164063,0.212556763,0.256627379,-0.24256897,0.537765503,0.780334473,,,,,,,,,,
119_20260907163425.csv,2,0.552162476,0.63349268,-0.501693726,1.198791504,1.700485229,-0.287124023,0.344588111,-0.718093872,0.196166992,0.914260864,0.152444458,0.355159641,-0.753692627,0.57421875,1.327911377,,,,,,,,,,
120_20260907163437.csv,2,0.413761139,0.886311589,-0.881454468,1.496765137,2.378219604,-0.606952667,0.683732132,-1.67098999,0.066680908,1.737670898,0.435928345,1.041054434,-0.753692627,2.048019409,2.801712036,,,,,,,,,,
121_20260907163450.csv,2,-0.374841309,0.633618442,-1.027038574,0.830780029,1.857818604,-0.353286133,0.516216519,-0.8956604,0.365020752,1.260681152,-0.153620605,0.19219021,-0.480148315,0.096481323,0.576629639,,,,,,,,,,
122_20260907163502.csv,2,-0.328112284,1.879049342,-2.234909058,2.007080078,4.241989136,0.472174327,0.413563372,-0.084899902,0.971130371,1.056030273,-0.50432078,0.526383508,-1.304275513,0.057327271,1.361602783,,,,,,,,,,
123_20260907163514.csv,2,0.899238892,1.276050678,-0.868988037,2.361099243,3.23008728,1.136705322,0.316769426,0.766235352,1.603317261,0.837081909,-0.918762817,1.200630174,-2.173477173,0.515487671,2.688964844,,,,,,,,,,
124_20260907163526.csv,2,0.415493774,1.692620975,-1.846435547,2.046569824,3.893005371,1.080209961,0.316946761,0.713363647,1.566619873,0.853256226,-0.761703491,1.017086045,-2.321548462,0.515487671,2.837036133,,,,,,,,,,
125_20260907163539.csv,2,-1.118461609,1.342150774,-2.019760132,1.901977539,3.921737671,0.773312251,0.329511664,0.234939575,1.071212769,0.836273193,-0.728328069,1.063937024,-2.321548462,0.207473755,2.529022217,,,,,,,,,,
126_20260907163551.csv,2,0.429295654,1.555827411,-2.015075684,2.597732544,4.612808228,1.297429199,0.614245612,0.523025513,2.025726318,1.502700806,-0.511115723,0.613320262,-1.354095459,0.332702637,1.686798096,,,,,,,,,,
127_20260907163603.csv,2,-0.377838135,1.257036589,-1.872558594,1.23979187,3.112350464,0.559356689,0.684880005,-0.532196045,1.391433716,1.923629761,0.020797729,0.219901534,-0.27243042,0.335403442,0.607833862,,,,,,,,,,
128_20260907163615.csv,2,0.101438599,1.356459353,-2.125808716,1.346389771,3.472198486,0.437739258,0.411136524,-0.156311035,1.679992676,1.836303711,0.0280896,0.155259091,-0.218460083,0.222320557,0.44078064,,,,,,,,,,
129_20260907163628.csv,2,-0.143316269,1.400505791,-1.689208984,2.031890869,3.721099854,0.780963898,0.478760097,0.222564697,1.679992676,1.457427979,-0.061443965,0.394632785,-0.722961426,0.222320557,0.945281982,,,,,,,,,,
130_20260907163640.csv,2,0.533362427,1.623320513,-1.689208984,2.0912323,3.780441284,0.210949097,0.543195043,-0.688934326,0.688339233,1.37727356,-0.198555298,0.678282673,-1.177505493,0.367050171,1.544555664,,,,,,,,,,
131_20260907163652.csv,2,1.282803345,0.806050136,0.395294189,2.457397461,2.062103271,0.571744995,0.419045871,-0.030288696,1.151687622,1.181976318,-0.815042114,1.320609999,-2.302246094,1.115142822,3.417388916,,,,,,,,,,
132_20260907163705.csv,2,0.483965556,1.268604119,-1.242141724,2.172195435,3.414337158,0.143806458,0.426034717,-0.352920532,0.765518188,1.118438721,0.025150299,0.208056036,-0.21144104,0.339599609,0.551040649,,,,,,,,,,
133_20260907163717.csv,2,0.159295044,1.838993463,-2.384109497,2.295654297,4.679763794,1.307163696,0.422996947,0.534103394,1.737854004,1.20375061,0.111871948,0.908070892,-0.928375244,1.479003906,2.40737915,,,,,,,,,,
134_20260907163729.csv,2,-0.301895142,1.807853462,-2.384109497,1.980194092,4.364303589,0.378998413,0.874169511,-0.542892456,1.324768066,1.867660522,0.211514282,0.675693069,-0.957641602,0.984954834,1.942596436,,,,,,,,,,
135_20260907163742.csv,2,1.554454956,1.018015656,-1.631347656,2.212905884,3.84425354,-0.157745361,0.557978364,-0.856719971,0.704299927,1.561019897,-0.438537598,0.453927574,-0.957641602,0.203170776,1.160812378,,,,,,,,,,
136_20260907163754.csv,2,-1.057047119,1.205595434,-1.81262207,1.021484375,2.834106445,0.634967041,0.321366175,0.044158936,0.937149048,0.892990112,0.75291626,0.678934523,0.008148193,1.604736328,1.596588135,,,,,,,,,,
137_20260907163807.csv,2,-0.472559611,1.27018406,-1.936065674,1.631866455,3.567932129,0.104699453,0.487198885,-0.601989746,0.703491211,1.305480957,-0.176149368,0.436455258,-0.891906738,0.339035034,1.230941772,,,,,,,,,,
138_20260907163819.csv,2,0.444580078,1.504834718,-1.936065674,2.467483521,4.403549194,0.044937744,0.794890659,-1.190414429,0.937820435,2.128234863,-0.412658081,0.832407005,-2.211151123,0.339035034,2.550186157,,,,,,,,,,
139_20260907163831.csv,2,-0.505809784,1.580218923,-2.117965698,1.409576416,3.527542114,0.579257965,0.281998776,0.077514648,0.804168701,0.726654053,-0.313199361,0.654975766,-2.211151123,0.609588623,2.820739746,,,,,,,,,,
140_20260907163844.csv,2,-0.256962891,1.332866411,-1.378555298,2.003662109,3.382217407,0.254743652,0.588365723,-0.674682617,0.891113281,1.565795898,-0.015551758,0.378061783,-0.514648438,0.609588623,1.124237061,,,,,,,,,,
141_20260907163856.csv,2,-0.339129639,1.388498412,-1.364044189,2.0650177,3.42906189,0.176422729,0.316732177,-0.298370361,0.604095459,0.90246582,-0.249776611,0.206828546,-0.544891357,-0.004272461,0.540618896,,,,,,,,,,
142_20260907163908.csv,2,0.264627457,1.384036058,-1.590026855,2.056610107,3.646636963,-0.09661293,0.439768656,-0.625350952,0.587203979,1.212554932,-0.106559753,0.85170754,-1.404968262,0.84161377,2.246582031,,,,,,,,,,
143_20260907163921.csv,2,0.545230103,1.216538866,-1.420120239,1.618103027,3.038223267,-0.160065308,0.426586778,-0.489715576,0.587203979,1.076919556,-0.281546631,0.412373886,-0.911605835,0.462310791,1.373916626,,,,,,,,,,
144_20260907163933.csv,2,-1.174032847,0.795997587,-1.773468018,0.462234497,2.235702515,0.042199453,0.18292692,-0.489715576,0.168991089,0.658706665,0.360856374,0.592913527,-0.911605835,0.763687134,1.675292969,,,,,,,,,,
145_20260907163945.csv,2,0.52772644,1.689684914,-2.004074097,2.199661255,4.203735352,-0.005263062,0.597509642,-0.984115601,0.595962524,1.580078125,0.318614502,0.452372582,-0.459777832,0.869842529,1.329620361,,,,,,,,,,
146_20260907163958.csv,2,-0.103029175,1.640360401,-1.798706055,2.199661255,3.99836731,-0.170321655,0.569979719,-0.94644165,0.466949463,1.413391113,-0.439746094,0.243438824,-0.6925354,0.002105713,0.694641113,,,,,,,,,,
147_20260907164010.csv,2,0.530965169,1.148865702,-1.798706055,2.255065918,4.053771973,-0.330426534,0.69368928,-0.99079895,0.466949463,1.457748413,-0.059621811,0.148634262,-0.282745361,0.072860718,0.355606079,,,,,,,,,,
148_20260907164022.csv,2,-0.282390137,1.311778379,-1.85345459,2.255065918,4.108520508,-0.089151001,0.453176549,-0.665603638,0.393005371,1.058609009,-0.113901978,0.480713639,-0.721328735,0.616210938,1.337539673,,,,,,,,,,
149_20260907164034.csv,2,-0.534910838,1.122365201,-1.397094727,1.175918579,2.573013306,0.128733317,0.413340803,-0.493835449,0.512161255,1.005996704,0.304496765,0.560213882,-0.606018066,0.755645752,1.361663818,,,,,,,,,,
150_20260907164047.csv,2,-0.097880249,1.613761692,-1.998596191,1.903747559,3.90234375,-0.044616089,0.499347827,-0.639282227,0.549636841,1.188919067,0.172056274,0.376143413,-0.329696655,0.714416504,1.044113159,,,,,,,,,,
151_20260907164059.csv,2,-0.492318726,0.554357589,-1.673965454,0.171386719,1.845352173,0.252799683,0.278815979,-0.11050415,0.699874878,0.810379028,0.400681763,0.397376334,-0.329696655,0.955230713,1.284927368,,,,,,,,,,
152_20260907164111.csv,2,-0.293221792,1.222307468,-1.642440796,2.241882324,3.88432312,0.018235524,0.35758857,-0.330947876,0.580749512,0.911697388,0.24851354,0.272664856,-0.073608398,0.488586426,0.562194824,,,,,,,,,,
153_20260907164124.csv,2,-0.031967163,1.368883616,-1.39881897,2.241882324,3.640701294,0.242365112,0.441589484,-0.450180054,0.683456421,1.133636475,0.031262817,0.866675543,-1.262054443,1.050430298,2.312484741,,,,,,,,,,
154_20260907164136.csv,2,0.174864451,1.734405779,-1.995666504,2.213348389,4.209014893,-0.084766388,0.552245466,-0.934555054,0.411636353,1.346191406,-0.338021596,0.478845402,-1.313049316,0.065292358,1.378341675,,,,,,,,,,
155_20260907164148.csv,2,-0.707544556,1.072681062,-1.995666504,1.057861328,3.053527832,0.31430481,0.580577816,-0.739974976,0.749069214,1.489044189,-0.105532227,0.658122733,-1.313049316,0.642578125,1.955627441,,,,,,,,,,
156_20260907164201.csv,2,-0.030017217,1.644062943,-1.849456787,2.020568848,3.870025635,0.106854757,0.43406803,-0.739974976,0.525604248,1.265579224,-0.26153183,0.571968973,-1.183105469,0.642578125,1.825683594,,,,,,,,,,
157_20260907164213.csv,2,-0.207055664,1.412372994,-1.849456787,2.099990845,3.949447632,0.157390747,0.472350779,-0.544494629,0.709716797,1.254211426,0.003269043,0.821905137,-1.183105469,0.733215332,1.916320801,,,,,,,,,,
158_20260907164225.csv,2,-0.536952515,0.561110532,-1.983108521,0.11869812,2.101806641,0.173344727,0.334379489,-0.336532593,0.534057617,0.87059021,0.721976318,0.263744375,0.387115479,1.131744385,0.744628906,,,,,,,,,,
159_20260907164237.csv,2,-0.478241603,1.311681991,-1.983108521,1.454605103,3.437713623,0.156316757,0.814170151,-0.923568726,1.207931519,2.131500244,-0.149490356,0.96348583,-1.683486938,1.131744385,2.815231323,,,,,,,,,,
160_20260907164250.csv,2,-0.591674805,0.59346399,-1.113952637,0.291778564,1.405731201,-0.197701772,0.298486892,-0.44519043,0.556747437,1.001937866,-0.108060201,0.111412422,-0.440567017,-0.021728516,0.418838501,,,,,,,,,,
161_20260907164302.csv,2,-0.573796387,0.792188546,-1.457382202,0.351348877,1.808731079,-0.281699219,0.376446462,-0.812347412,0.155258179,0.967605591,-0.142322388,0.419919549,-0.638046265,0.429077148,1.067123413,,,,,,,,,,
162_20260907164314.csv,2,-0.100957031,1.217191206,-2.02293396,1.090805054,3.113739014,-0.269366455,0.486923801,-1.074966431,0.173156738,1.248123169,-0.052800903,0.38184032,-0.605865479,0.364151001,0.970016479,,,,,,,,,,
